step,epoch,valid/loss
0,0,0.4185810983181
1,1,0.40326130390167236
2,2,0.3885291814804077
3,3,0.37415358424186707
4,4,0.3601222336292267
5,5,0.34616175293922424
